MSE, MAE, RMSE, Total_model_prediction_time
end_time:,2022-08-19 01:23:18
end_timestamp:,1660843398
Activity_Clustering_GRU_____________totalMSE:,589246.6310895691   totalMAE:,656.408495842652   totalRMSE:,767.6240167488046   total_prediction_time:,3667
MSE, MAE, RMSE, Total_model_prediction_time
end_time:,2022-08-22 01:01:54
end_timestamp:,1661101314
Activity_Clustering_GRU_____________totalMSE:,155.46596948049307   totalMAE:,10.590113261442328   totalRMSE:,12.468599339159674   total_prediction_time:,3323
