MSE, MAE, RMSE, Total_model_prediction_time
end_time:,2022-08-19 04:50:50
end_timestamp:,1660855850             “minute”
Activity_Clustering_GRU_____________totalMSE:,1026400.4160067504   totalMAE:,869.8302432272045   totalRMSE:,1013.1142166640198   total_prediction_time:,2611
MSE, MAE, RMSE, Total_model_prediction_time
end_time:,2022-08-21 21:10:14
end_timestamp:,1661087414
Activity_Clustering_GRU_____________totalMSE:,281.5217174277453   totalMAE:,14.320362570726711   totalRMSE:,16.778608924095742   total_prediction_time:,2124
