MSE, MAE, RMSE, Total_model_prediction_time
end_time:,2022-08-19 08:13:11
end_timestamp:,1660867991
Activity_Clustering_GRU_____________totalMSE:,593563.0281852062   totalMAE:,659.6877851293332   totalRMSE:,770.4304174844126   total_prediction_time:,2970
MSE, MAE, RMSE, Total_model_prediction_time
end_time:,2022-08-21 22:33:03
end_timestamp:,1661092383
Activity_Clustering_GRU_____________totalMSE:,157.70908711449925   totalMAE:,10.682132228916238   totalRMSE:,12.5582278652085   total_prediction_time:,2578
